编号,合同条款,功能,当前代码状态,操作者,日期,测试条件,约定指标,实测值,证据路径,结果,未覆盖项
01,I-1,STM32与通信协议,部分完成,,,,,,,未验收,只有上位机RS485/Modbus协议代码；没有STM32固件工程和CAN实现。
02,I-2,运动学编码器与速度闭环,部分完成,,,,,,,未验收,实际为四轮麦克纳姆运动学，非合同字面差速；编码器/闭环现场效果待验收。
03,I-3,IMU与卡尔曼融合,代码已完成_待现场验收,,,,,,,未验收,复用IMU驱动和二维EKF；演示滤波器不发布TF，避免与现有里程计重叠。现场标定与精度未验收。
04,I-4,雷达滤波与去畸变,部分完成,,,,,,,未验收,当前主要数据是二维LaserScan，不是完整3D点云；去畸变演示输出独立话题。
05,I-5,RGBD深度相机,代码已完成_待现场验收,,,,,,,未验收,Astra Pro Plus驱动和RGB-D预处理存在；实时帧率和深度质量需要现场验证。
06,II-1,Ubuntu与ROS2工程环境,代码已完成_待现场验收,,,,,,,未验收,已核实Ubuntu22.04.5、ROS2 Humble；包数以colcon list为准（本轮发现18个唯一包，不等于全量构建验收）。
07,II-2,消息接口与话题封装,部分完成,,,,,,,未验收,有ai_msgs和语义地图自定义消息；底盘控制仍大量使用标准Twist/Odometry，不能宣称有完整专用底盘协议消息。
08,II-3,分层ROS节点,部分完成,,,,,,,未验收,有底盘/雷达/IMU/SLAM/Nav2；自动回充业务闭环缺失。
09,III-1,二维激光SLAM,代码已完成_待现场验收,,,,,,,未验收,只启动现有slam_toolbox算法节点，复用当前传感器和只读里程计；不调用旧ESP32通用整机launch。现场调优未验收。
10,III-2,地图保存加载与复用,部分完成,,,,,,,未验收,提供静态地图加载入口和独立save_map.sh；保存调用已有mapping_bundle且要求SLAM活跃。断电自动复用未实测。
11,III-3,全局重定位与场景匹配,部分完成,,,,,,,未验收,有AMCL/全局重定位/扫描匹配；本入口不自动调用可能旋转底盘的重定位请求。场景适应效果未验收。
12,IV-1,全局局部路径规划,代码已完成_待现场验收,,,,,,,未验收,启动现有Nav2规划/控制后端；不会自动发目标，现场调优和运动效果未验收。
13,IV-2,静态与动态避障,部分完成,,,,,,,未验收,代价地图/CollisionMonitor存在；动态行人实时避障完整闭环仍需现场验收。
14,IV-3,航点巡航与软件返航,部分完成,,,,,,,未验收,航点/巡航/Home节点存在；无充电停靠闭环，入口只启动节点且不自动发航点/返航/巡航请求。
15,IV-4,缓启停与运动平滑,代码已完成_待现场验收,,,,,,,未验收,复用Nav2 velocity_smoother和限幅函数；不直接注入速度，物理平稳性仍需运动验收。
16,V-1,充电桩标定与识别,未实现,,,,,,,未验收,有若干docking_server参数样例，但没有确认的桩识别/标定完整实现和在用启动链。配置段不作为实现证据。
17,V-2,精准停靠与充电,部分完成,,,,,,,未验收,仅能演示软件Home节点与返航接口；精准对位、停靠和充电未形成闭环。
18,V-3,低电量自动回充,未实现,,,,,,,未验收,未找到可运行的低电量触发、回充重试及绕障回充闭环。
19,V-4,充电检测脱离与待机,未实现,,,,,,,未验收,未找到充电状态检测及充满自主脱离闭环。
20,VI-1,声源方位与语音导航,部分完成,,,,,,,未验收,DOA/语音路由/Agent有代码；当前DOA记录不能代替新鲜实时检测；声源趋近完整联动未验收。需要有效NX_MIC/NX_SPEAKER配置。
21,VI-2,烟雾告警与联动,未实现,,,,,,,未验收,未找到烟雾传感器驱动、阈值报警和返航/值守联动实现。
22,VI-3,人脸识别与身份接口,部分完成,,,,,,,未验收,生产人员服务NX_FACE_ENABLED=0。独立只读演示复用YuNet/SFace，显示参考帧相似度，不修改生产开关，不声称权限联动或迎宾导航已实现。
23,VI-4,应用接口规范资料,部分完成,,,,,,,未验收,有API路由、ROS消息和追溯资料；没有确认的完整合同应用接口规范。本入口查看已有接口结构，不能替代正式交付文档。
24,VII-1,整机业务状态机,部分完成,,,,,,,未验收,已有任务暂停/恢复/取消及状态接口；回充相关状态和完整传感器业务联动缺少证据。
25,VII-2,故障自检与运行日志,代码已完成_待现场验收,,,,,,,未验收,软件健康检查、故障快照与日志链存在；传感器断联会如实显示未就绪。
26,VII-3,源码配置与交付资产,部分完成,,,,,,,未验收,有源码/配置/部分文档，缺STM32固件和完整接口规范；资产盘点不等于合同完整交付验收。
27,VII-4,培训质保与维护,服务承诺_待核实,,,,,,,未验收,培训、一年质保和维护属于服务承诺，不能通过launch/sh或源码证明履约。
