original_path	archive_path	sha256
common/config/nx_gamepad.yaml.before_speed	common/legacy/snapshots/common/config/nx_gamepad.yaml.before_speed	9cd0118fe13d8726abf8f21dd7658e313a3c879bb428077e01152020e8dddbb8
common/config/nx_gamepad.yaml.before_yaw08	common/legacy/snapshots/common/config/nx_gamepad.yaml.before_yaw08	2b6b8f8dab75deee712347392ebe286c8c0e8213c3c18b78f2dd1ea5c235ac38
common/config/nx_heading_guard.yaml.before_nx_speed_restore	common/legacy/snapshots/common/config/nx_heading_guard.yaml.before_nx_speed_restore	528ceac0ff49456ed94a3fa0d0b81fd0bb3511b70ef66e6d00a53082b2bfd33e
common/config/nx_heading_guard.yaml.before_omni_goal_20260929	common/legacy/snapshots/common/config/nx_heading_guard.yaml.before_omni_goal_20260929	f10ed4762ecdd8da1f24467e2c618b48ef61da4c704fde69cdfbe5aeb005d92a
common/config/nx_heading_guard.yaml.before_s100_speed_cap	common/legacy/snapshots/common/config/nx_heading_guard.yaml.before_s100_speed_cap	e7db31bcc8ee62269d6bf3df0d9b16ed97fcc9320854853e0f28ad881b837a07
common/config/nx_manual_base.yaml.before_speed08	common/legacy/snapshots/common/config/nx_manual_base.yaml.before_speed08	c620d60a85ba513367dc330c8ea5681117a8a79323420bc482ed7950ae7c3649
common/config/nx_manual_mode.before_readonly_commissioning	common/legacy/snapshots/common/config/nx_manual_mode.before_readonly_commissioning	e3b0c44298fc1c149afbf4c8996fb92427ae41e4649b934ca495991b7852b855
common/config/nx_nav2.yaml.bak-20260920-173305-kitchen-reverse	common/legacy/snapshots/common/config/nx_nav2.yaml.bak-20260920-173305-kitchen-reverse	1449b565d55c5456ba2c7d11dfdde25ae02e7ec262d6b8e88f68e836c9afcd9e
common/config/nx_nav2.yaml.bak-20260920-kitchen-reverse	common/legacy/snapshots/common/config/nx_nav2.yaml.bak-20260920-kitchen-reverse	1449b565d55c5456ba2c7d11dfdde25ae02e7ec262d6b8e88f68e836c9afcd9e
common/config/nx_nav2.yaml.before-range-recovery	common/legacy/snapshots/common/config/nx_nav2.yaml.before-range-recovery	72c2d4c76fed190b145df986d3120b597a04a52ab78ad5b7ae5d99f509222f2f
common/config/nx_nav2.yaml.before-sonar-layer	common/legacy/snapshots/common/config/nx_nav2.yaml.before-sonar-layer	097759b58e265c0cdb49b678e113d9fad4a876d04e96626dd93abd3edace8df5
common/config/nx_nav2.yaml.before_clearance_20260929	common/legacy/snapshots/common/config/nx_nav2.yaml.before_clearance_20260929	371a0e9332ef183988d95cae91187147ed03c56ce02dfef72ef3dd92b4a1ffb3
common/config/nx_nav2.yaml.before_collision_recovery_20260922	common/legacy/snapshots/common/config/nx_nav2.yaml.before_collision_recovery_20260922	cb7ae9f0328505422bcbcc49fc3eda261f27b500286d339109c2795eab21c27f
common/config/nx_nav2.yaml.before_default_lattice_20260930	common/legacy/snapshots/common/config/nx_nav2.yaml.before_default_lattice_20260930	643191b1dd2c4b281bcfecbbdeed745c8c1c4d296037dd4f348ae49cf0a2c48c
common/config/nx_nav2.yaml.before_footprint_20260929_144042	common/legacy/snapshots/common/config/nx_nav2.yaml.before_footprint_20260929_144042	41207d16085792ce832cac9149da2a64ab98265ef524ebe5e4677b5571bbb8b1
common/config/nx_nav2.yaml.before_footprint_20260929_144537	common/legacy/snapshots/common/config/nx_nav2.yaml.before_footprint_20260929_144537	41207d16085792ce832cac9149da2a64ab98265ef524ebe5e4677b5571bbb8b1
common/config/nx_nav2.yaml.before_footprint_calibration_20260922	common/legacy/snapshots/common/config/nx_nav2.yaml.before_footprint_calibration_20260922	1e3d345b49bd9d3de88db5df38d12e71bbf19c7fa3edd38a72476fb5d9d7b360
common/config/nx_nav2.yaml.before_front_stop	common/legacy/snapshots/common/config/nx_nav2.yaml.before_front_stop	a727988658f4b3eb7d15b092aad2d9255bd9df247e79df6bf53a2468eed60d60
common/config/nx_nav2.yaml.before_low_speed	common/legacy/snapshots/common/config/nx_nav2.yaml.before_low_speed	69d3cb933eb6f1a049018c9971dc038371f1a2dbbd0ddeed2ccff016443cd988
common/config/nx_nav2.yaml.before_nx_speed_restore	common/legacy/snapshots/common/config/nx_nav2.yaml.before_nx_speed_restore	bd65a1a4d1029a3ea53046803db36b0a6989b490b27fa93afd2a54db8746557d
common/config/nx_nav2.yaml.before_omni_goal_20260929	common/legacy/snapshots/common/config/nx_nav2.yaml.before_omni_goal_20260929	0e00c8d1e29619960e90623792d683e51e559ca40e529ecf6f4f94c2239f044e
common/config/nx_nav2.yaml.before_passability_20260922	common/legacy/snapshots/common/config/nx_nav2.yaml.before_passability_20260922	704fe47dc8d174bd4bf1b50c02e23acf340871f55e5c437c47fed03bbe060fc2
common/config/nx_nav2.yaml.before_passability_20260929	common/legacy/snapshots/common/config/nx_nav2.yaml.before_passability_20260929	55e129c68cc748f33ffad67a444ae037a1c6e5e8dfa2a5897e6252930538e670
common/config/nx_recovery.xml.before_clearance_20260929	common/legacy/snapshots/common/config/nx_recovery.xml.before_clearance_20260929	fd6106f06a33918b38c0a855e410488f2b78b2d7320b13498612f0e5b11c8309
common/config/nx_recovery.xml.before_collision_recovery_20260922	common/legacy/snapshots/common/config/nx_recovery.xml.before_collision_recovery_20260922	95f077bdcfe0d2b6c34d39b53dc06d8bc40676ad92b80f41868af31935da053a
common/config/nx_recovery.xml.before_default_lattice_20260930	common/legacy/snapshots/common/config/nx_recovery.xml.before_default_lattice_20260930	296e5b601b14510373a8629cb48cb73e85a46c8b168466ad187cd5e793e42b24
common/config/nx_recovery.xml.before_footprint_20260929_144042	common/legacy/snapshots/common/config/nx_recovery.xml.before_footprint_20260929_144042	8c7cf8e3a3028c29ce0791546cda4ef0f86fc401fd07bff3540122e039dd2f28
common/config/nx_recovery.xml.before_footprint_20260929_144537	common/legacy/snapshots/common/config/nx_recovery.xml.before_footprint_20260929_144537	8c7cf8e3a3028c29ce0791546cda4ef0f86fc401fd07bff3540122e039dd2f28
common/config/nx_recovery.xml.before_passability_20260922	common/legacy/snapshots/common/config/nx_recovery.xml.before_passability_20260922	fb8bd85bfdf30a98a2b53ba3be70bd4947f9ee06073dfc8bb8d3e5d69b963897
common/config/nx_recovery.xml.before_passability_20260929	common/legacy/snapshots/common/config/nx_recovery.xml.before_passability_20260929	10c1fd653595d8e5dec8299d009870324705f754be9979c18272799719163edc
common/config/semantic/floor_4/pois.yaml.before_clear_waypoints_20260929_135734	common/legacy/snapshots/common/config/semantic/floor_4/pois.yaml.before_clear_waypoints_20260929_135734	d87f1c3ff94a512de397f9e0d74a5cc387e6c6fc495bc596a2300bd242f9394f
common/config/semantic/floor_4/pois.yaml.before_kitchen_standoff	common/legacy/snapshots/common/config/semantic/floor_4/pois.yaml.before_kitchen_standoff	00c197476b6bbf53ee7dfbe35e6c1c3fb2d60aa4712b09f82239f4c9d4048aea
common/config/semantic/floor_4/pois.yaml.before_wp005_clearance_20260929_135848	common/legacy/snapshots/common/config/semantic/floor_4/pois.yaml.before_wp005_clearance_20260929_135848	3bc197f6c97cfd453628fdf193209a91c7fc52468bcfb748a1d8af146bc85ede
common/config/semantic/floor_4/pois.yaml.before_yaw_restore_20260929	common/legacy/snapshots/common/config/semantic/floor_4/pois.yaml.before_yaw_restore_20260929	31190c5bd3375928c2d9941f6b427503bc713020a308071d5bbca2083ec446e4
common/state/nx_sensors.launch.py.before_s100_ports	common/legacy/snapshots/common/state/nx_sensors.launch.py.before_s100_ports	c8dc81df74ead5cbce5886e0ee7e75558582358d45237df12ab0151c35abcfc5
common/state/start_nx_agent.sh.before-live-tools-20260929	common/legacy/snapshots/common/state/start_nx_agent.sh.before-live-tools-20260929	b6158b0907bacc2a75c50ee2da106b6d7bb207f179dc2495b1701e4caf3c8c87
common/state/start_nx_agent.sh.before_full_speech_20260922	common/legacy/snapshots/common/state/start_nx_agent.sh.before_full_speech_20260922	5bf2f94d707e7ee62b7af92dfeece6e6752c948082018ec615b2d936ca6c2012
common/state/start_nx_navigation.sh.before-range-recovery	common/legacy/snapshots/common/state/start_nx_navigation.sh.before-range-recovery	b20e8ce3ec16b2a12bc63eb436911be12a158623a24363bc0b3348fe53daac43
control/ddsm_car_control/ddsm_car_control/gamepad_teleop.py.before_speed	common/legacy/snapshots/control/ddsm_car_control/ddsm_car_control/gamepad_teleop.py.before_speed	11ad5fa07da54bc23bb48b60a2b75e28da2ddf943f96d1cc4521b89b19b8a219
control/ddsm_car_control/ddsm_car_control/lateral_escape_guard.py.before_reverse_fix	common/legacy/snapshots/control/ddsm_car_control/ddsm_car_control/lateral_escape_guard.py.before_reverse_fix	bc4f1c5fa68e983113aa9a9a29ef0ee29e28ae9242ad9201e1b6db106314f452
control/ddsm_car_control/ddsm_car_control/low_lidar_udp_proxy.py.before_reconnect	common/legacy/snapshots/control/ddsm_car_control/ddsm_car_control/low_lidar_udp_proxy.py.before_reconnect	d1edeff186cb55b45c299b1dc48a0a6f35171e96cd6e896bc2771bf405efab61
perception/locateanything_trial_20260907/live.html.before_preview_fix	common/legacy/snapshots/perception/locateanything_trial_20260907/live.html.before_preview_fix	085f6027e4a1ead729e5a44dfab8a1641fbe0c6d4e46e17ad533a44e86df2b97
perception/locateanything_trial_20260907/live_app.py.before_object_memory	common/legacy/snapshots/perception/locateanything_trial_20260907/live_app.py.before_object_memory	5f8a5f3e9b8f5efb7da44f2ff4a851aa6c1af34966c71c2e8e1d246bd8e913ad
perception/locateanything_trial_20260907/live_app.py.before_preview_fix	common/legacy/snapshots/perception/locateanything_trial_20260907/live_app.py.before_preview_fix	0f7fbab1a60bc26939174d24164d5052ea38271bcef476f88253d7195424c09e
perception/locateanything_trial_20260907/live_app.py.before_yoloe	common/legacy/snapshots/perception/locateanything_trial_20260907/live_app.py.before_yoloe	dd3d4784c7cecedcaeb2edd76883673e872cf122cd2ee56db46a90a9f9a17c7f
perception/person_follow/detection_cleanup.py.before-offset-close-20260924	common/legacy/snapshots/perception/person_follow/detection_cleanup.py.before-offset-close-20260924	8c8a67c80d546d916497d475b634e72bdac04e609234dc579a9b7634c653e8dc
perception/person_follow/face_reacquire.py.before-follow-recovery-20260927	common/legacy/snapshots/perception/person_follow/face_reacquire.py.before-follow-recovery-20260927	b524faba8a1b688223bfca2023072b7a0a6708dbc9fa6761fdc5ab0690d4ca7f
perception/person_follow/pose_match.py.pre_partial_pose_20260928	common/legacy/snapshots/perception/person_follow/pose_match.py.pre_partial_pose_20260928	51350309215fce10137927107bde119050b30284d65f73404c557fac3900dfcf
perception/person_follow/stereo_mask_depth.py.pre_chest_20260928	common/legacy/snapshots/perception/person_follow/stereo_mask_depth.py.pre_chest_20260928	83ac18735223ea7d5665ab5d7b2e6434c0e451a2afbf3801dc8d0678c3658f50
perception/person_follow/stereo_mask_depth.py.pre_lower_20260928	common/legacy/snapshots/perception/person_follow/stereo_mask_depth.py.pre_lower_20260928	a0ac6f0e1f54a52d89d5479605ae7f382b0b86006fda455b8ccfe6e9108cac37
perception/person_follow/stereo_person_fusion.py.before_follow_depth_probe_20260928	common/legacy/snapshots/perception/person_follow/stereo_person_fusion.py.before_follow_depth_probe_20260928	fbcb6c2358a283ebd6bf78cb4482c65b2e0824fc4eb7d1adc435e8749d9100cb
perception/person_follow/stereo_person_fusion.py.pre_chest_20260928	common/legacy/snapshots/perception/person_follow/stereo_person_fusion.py.pre_chest_20260928	2438641ace7fee2ad1aa5e5622a4fcb9c87d6b2e9814d4735b6e907548eea0c6
perception/person_follow/stereo_person_fusion.py.pre_lower_20260928	common/legacy/snapshots/perception/person_follow/stereo_person_fusion.py.pre_lower_20260928	80a395f7d3b215cc7fce7cc0eda19a894f6d795a2d7bf80e16af2fda99279202
perception/person_follow/target_session.py.pre_8s_chair_20260928	common/legacy/snapshots/perception/person_follow/target_session.py.pre_8s_chair_20260928	4dc304fbeb040fb5d5fb3dcf7a2533f180ef4fb806006f02b421754ed72cd308
perception/person_follow/tracking.py.bak-20260927-follow	common/legacy/snapshots/perception/person_follow/tracking.py.bak-20260927-follow	a45e75d5736a5624061e8f9145e69169f5f1d8f4a8cb166d67ed04473df2c093
perception/person_follow/tracking.py.pre_8s_chair_20260928	common/legacy/snapshots/perception/person_follow/tracking.py.pre_8s_chair_20260928	fed0f3c6ad8992e90751babb169de4c1c3ba60b585fea53aebc185b1ff7365b5
perception/person_follow/tracking.py.pre_chair_hold_20260928	common/legacy/snapshots/perception/person_follow/tracking.py.pre_chair_hold_20260928	4de65de53719d624e888ede601133708578a8f10af863c34f0e1b29450b3abeb
perception/person_follow/vision.py.before-follow-depth-20260926	common/legacy/snapshots/perception/person_follow/vision.py.before-follow-depth-20260926	69d328a5a91ec03abdf2fd729b7c3e41988367e8f771fe8be93d82676d073ede
perception/person_follow/worker.py.before-camera-status-20260927	common/legacy/snapshots/perception/person_follow/worker.py.before-camera-status-20260927	9b0506f79c45b44f4c5f6f052bffb6408d0ec5cd481bf062bc2227074f9ddd62
perception/person_follow/worker.py.before-face-gap-20260924	common/legacy/snapshots/perception/person_follow/worker.py.before-face-gap-20260924	bb2106ff3d8bda5c06b19088302789655acebf56f8f1f7229b8d0c36dd73998e
perception/person_follow/worker.py.before-face-reacquire-20260924	common/legacy/snapshots/perception/person_follow/worker.py.before-face-reacquire-20260924	7d58fecfd1208184b01319bf7456399a711fa3f8564941c6aa9e5bf29c354fef
perception/person_follow/worker.py.before-follow-recovery-20260927	common/legacy/snapshots/perception/person_follow/worker.py.before-follow-recovery-20260927	66236e4af9630aea1452dff1d20e87cfa8277754121d5d262ea2cfff9ee39314
perception/person_follow/worker.py.before-offset-close-20260924	common/legacy/snapshots/perception/person_follow/worker.py.before-offset-close-20260924	b2ca9e80eb1169cda88fd00dbc5d392a6edc34d6d8406663e44788892fb49b5f
perception/person_follow/worker.py.before-single-view-20260926	common/legacy/snapshots/perception/person_follow/worker.py.before-single-view-20260926	f957f2fe1e6f94be1d13d8d6a56f62bf971788091961b580555c78ecb143f025
perception/person_follow/worker.py.before_follow_choice_20260928	common/legacy/snapshots/perception/person_follow/worker.py.before_follow_choice_20260928	828539dc1d3d9501f03494a08587a99ed17c65840dfcede0474b1d3fced854a8
perception/person_follow/worker.py.before_map_follow_20260928	common/legacy/snapshots/perception/person_follow/worker.py.before_map_follow_20260928	a9039920224245cc64653b57e632b0c279e1494da77dd309023b91fda81b828d
perception/person_follow/worker.py.pre_8s_status_20260928	common/legacy/snapshots/perception/person_follow/worker.py.pre_8s_status_20260928	5f1a19e4bee14fba7d37cc866454f4c512edcc1f3e6ea3419fa9bf4badc34161
perception/person_follow/worker.py.pre_framewindow_20260928	common/legacy/snapshots/perception/person_follow/worker.py.pre_framewindow_20260928	e45108992d5f51144615a8e3c8e5d1fd74ddcab25ba3eb19fce88e51a5543141
perception/person_follow/worker.py.pre_partial_pose_20260928	common/legacy/snapshots/perception/person_follow/worker.py.pre_partial_pose_20260928	5bc674ed409de8dd30a0d64c88926e4f988b2a0f5be41ff23470a89fcb87ae9c
perception/person_follow/worker.py.pre_pose_20260928	common/legacy/snapshots/perception/person_follow/worker.py.pre_pose_20260928	a16bc1061ce3322b0067b338f2bf9f70239237471d086d70ef90b75fe6345dc0
perception/person_follow/worker.py.pre_seg_20260928	common/legacy/snapshots/perception/person_follow/worker.py.pre_seg_20260928	7131311b8be6293c288518c20862133326eb9b07b15cb28af419ee4922b6540a
perception/spatial_memory/camera.py.before_optional_openni	common/legacy/snapshots/perception/spatial_memory/camera.py.before_optional_openni	22d4bd8f458e962bf79784321bba00ebc95c16104ba8a019345e102c47d7da28
perception/spatial_memory/camera_backup_20260922_131500/SHA256SUMS.before	common/legacy/snapshots/perception/spatial_memory/camera_backup_20260922_131500/SHA256SUMS.before	fc98671297e14c4153f38194ae4b2c7c5e41e6b042327b9d4175dbdd714aa58e
perception/spatial_memory/stereo_camera.py.follow_v1.bak	common/legacy/snapshots/perception/spatial_memory/stereo_camera.py.follow_v1.bak	3d0031fc4da35a075e10778fada715f0ff4975fe46d48038624923475c8feaeb
perception/spatial_memory/stereo_depth.pre_3way_20260927.py	common/legacy/snapshots/perception/spatial_memory/stereo_depth.pre_3way_20260927.py	7b89b27311965b38cce10d06ed262edb53efa77559d1acca60fce1e30e5a4aad
sensing/rplidar_ros/src/rplidar_node.cpp.before_reconnect	common/legacy/snapshots/sensing/rplidar_ros/src/rplidar_node.cpp.before_reconnect	0432d165bdc31bf7aa83287244fb7573962f236877a0599de9fdbc95660dc7bf
system/bringup/nx_localization.launch.before_manual.py	common/legacy/snapshots/system/bringup/nx_localization.launch.before_manual.py	d9bd3d552dd50938239106238e5eeadc2af5c8837b1b0a54569a46aeb724ac90
system/nav_llm_agent/nav_llm_agent/agent_node.py.before-catalog	common/legacy/snapshots/system/nav_llm_agent/nav_llm_agent/agent_node.py.before-catalog	b5b5673a3a35a759c38e4c637b27accee083103f39663cbad55495a2ac7a1632
system/nav_llm_agent/nav_llm_agent/agent_node.py.before-live-tools-20260929	common/legacy/snapshots/system/nav_llm_agent/nav_llm_agent/agent_node.py.before-live-tools-20260929	65fc05b5059f9fdea5426dd3ca4d2e8353be3d7928f8c902904f65720ba93e59
system/nav_llm_agent/nav_llm_agent/agent_node.py.before_busy_fix_20260929	common/legacy/snapshots/system/nav_llm_agent/nav_llm_agent/agent_node.py.before_busy_fix_20260929	6898e4685b32d0825d9cf5e204c9165b309f14fd18a0b0b062633c185f342326
system/nav_llm_agent/nav_llm_agent/agent_node.py.before_chat_quality	common/legacy/snapshots/system/nav_llm_agent/nav_llm_agent/agent_node.py.before_chat_quality	32652c35db364397cf6ebfb6b6701e733f47dfccf8aaf90265f8ea3d9bb01ea5
system/nav_llm_agent/nav_llm_agent/agent_node.py.before_complex_20260923	common/legacy/snapshots/system/nav_llm_agent/nav_llm_agent/agent_node.py.before_complex_20260923	153689ff8e2fb2cc6a2175e3d5a1e392e0afa1ea055a875bd37eabe6d4316035
system/nav_llm_agent/nav_llm_agent/agent_node.py.before_full_speech_20260922	common/legacy/snapshots/system/nav_llm_agent/nav_llm_agent/agent_node.py.before_full_speech_20260922	9251262af023646f0ab7da912076260f55cb79017d83fc53a9e78dae3589475f
system/nav_llm_agent/nav_llm_agent/agent_node.py.before_semantic_20260923	common/legacy/snapshots/system/nav_llm_agent/nav_llm_agent/agent_node.py.before_semantic_20260923	fb5055f9515395943d1dbecd9d3437154989a107b4c367ee4251af50116ec98a
system/nav_llm_agent/nav_llm_agent/agent_node.py.before_short_memory	common/legacy/snapshots/system/nav_llm_agent/nav_llm_agent/agent_node.py.before_short_memory	747d1fa52228dc3b47bc3694415681c8b0d28a07888ce64bcd38e6817c5e96a2
system/nav_llm_agent/nav_llm_agent/chat_memory.py.before_first_clause_20260923	common/legacy/snapshots/system/nav_llm_agent/nav_llm_agent/chat_memory.py.before_first_clause_20260923	784cdc16434b076fc4e6d5f75dd6b3ae562ae4e257cd0f2700384adeaac52dc3
system/nav_llm_agent/nav_llm_agent/chat_memory.py.before_full_speech_20260922	common/legacy/snapshots/system/nav_llm_agent/nav_llm_agent/chat_memory.py.before_full_speech_20260922	5f25c05814ba67c561d4e260b8d53b065a9266bb70eba1087000aa4fc11238d3
system/nav_llm_agent/nav_llm_agent/voice_gateway.py.before_queue_20260923	common/legacy/snapshots/system/nav_llm_agent/nav_llm_agent/voice_gateway.py.before_queue_20260923	865cf098266ebf7c66b792180e88bd368fb4ad03f5667e2793aa9ae44ed183c2
visualization/console/backup-bring-voice-1789392978/nx_object_announcer.py	common/legacy/snapshots/visualization/console/backup-bring-voice-1789392978/nx_object_announcer.py	15e86050853b2825431329ecda05602cf758b430223e8fb2454481d69fd3cdd1
visualization/console/backup-bring-voice-1789392978/nx_patrol_mission.py	common/legacy/snapshots/visualization/console/backup-bring-voice-1789392978/nx_patrol_mission.py	379be0f0fd8ba431776ac29da1434adbbd17ee67bc9d37ce08468b473313bfd2
visualization/console/backup-bring-voice-1789392978/nx_voice_commands.py	common/legacy/snapshots/visualization/console/backup-bring-voice-1789392978/nx_voice_commands.py	9ffa776c7837cf5856292def2c5b580661387794a21ab1c20bff83f9229f9b35
visualization/console/backup-bring-voice-1789392978/nx_voice_gateway.py	common/legacy/snapshots/visualization/console/backup-bring-voice-1789392978/nx_voice_gateway.py	3dd4fecd75a09f8f818c07923659026a3182bf5cf9bfc3105acee8a7d29fe5d7
visualization/console/backup-route-editor-1789390869/nx_dashboard.py	common/legacy/snapshots/visualization/console/backup-route-editor-1789390869/nx_dashboard.py	dfb90d568530934e8ed8d8dbfe0646b3b280d5609ed189ea552d063e699c2435
visualization/console/backup-route-editor-1789390869/nx_patrol_mission.py	common/legacy/snapshots/visualization/console/backup-route-editor-1789390869/nx_patrol_mission.py	031ea139971d3bc55b679320123b3d5cac48ca87e5fb4167c4c99dfb0db409a5
visualization/console/backup-route-editor-1789390869/nx_patrol_ui.html	common/legacy/snapshots/visualization/console/backup-route-editor-1789390869/nx_patrol_ui.html	20df8f5b2f3f41128c7245f1d3dc6ab9b515eb013ffed53914cafa8ba800cb03
visualization/console/backup-route-editor-1789390869/nx_product.html	common/legacy/snapshots/visualization/console/backup-route-editor-1789390869/nx_product.html	aa59b0b01cf41a63c91b48c9cdf8bd0e300ef2a9ce0d1c2c763ea48235f65b7c
visualization/console/backup-route-editor-1789390869/nx_product_api.py	common/legacy/snapshots/visualization/console/backup-route-editor-1789390869/nx_product_api.py	56ef5a3c6ba714173c0e264aea50a7572361f80f21e1aadc28cec31da8d4cf9d
visualization/console/backup-voiceprint-1789442877/nx_dashboard.py	common/legacy/snapshots/visualization/console/backup-voiceprint-1789442877/nx_dashboard.py	eadcc08debb453642a5717748d6a1f0161ebdd79c17d923fd0fc0a794f4a86e2
visualization/console/backup-voiceprint-1789442877/nx_product.html	common/legacy/snapshots/visualization/console/backup-voiceprint-1789442877/nx_product.html	925ebcff75d679d87836a85d000d2fea65589004f0220c4410d7653da21ce443
visualization/console/backup-voiceprint-1789442877/nx_product_api.py	common/legacy/snapshots/visualization/console/backup-voiceprint-1789442877/nx_product_api.py	69085332f1b98adf34fa0b4b2b7b66a3ab02b36559584f3f1bd4c109510cc549
visualization/console/backup-voiceprint-1789442877/nx_voice_gateway.py	common/legacy/snapshots/visualization/console/backup-voiceprint-1789442877/nx_voice_gateway.py	c4f121aab1f872ff77309a483708f863422e9f9efacfd019ffea13864bdb01f9
visualization/console/backup-voiceprint-1789442877/test_object_bring_voice.py	common/legacy/snapshots/visualization/console/backup-voiceprint-1789442877/test_object_bring_voice.py	0c024de8d423146846b49382e705a88069bcbd0e030bb8bad4bbdddc612f50d5
visualization/console/nx_assistant_tools.py.before_complex_20260923	common/legacy/snapshots/visualization/console/nx_assistant_tools.py.before_complex_20260923	cc36904670f370c73859cc127848614e5ecce0ee331dfdb3c81d486f9138dcf1
visualization/console/nx_assistant_tools.py.before_route_validation_20260923	common/legacy/snapshots/visualization/console/nx_assistant_tools.py.before_route_validation_20260923	37b0d082f197161d2643d3160ed65412cb3cf78a079a84407921aec1a51756fd
visualization/console/nx_assistant_tools.py.before_semantic_20260923	common/legacy/snapshots/visualization/console/nx_assistant_tools.py.before_semantic_20260923	0bfbf8a14c8c42e238857aa0d0ac1e295928122a3d03640052f8d580c208e44d
visualization/console/nx_console_layout.js.before_nav_test_20260929	common/legacy/snapshots/visualization/console/nx_console_layout.js.before_nav_test_20260929	36d2b84b3288e0e76c61e56833725d45e261c0e413aa683013dd15afd56d5be9
visualization/console/nx_dashboard.py.before-catalog	common/legacy/snapshots/visualization/console/nx_dashboard.py.before-catalog	a74a2fbb472367ee770f768800fb108e527639b17510e7012a21d1c29bd74468
visualization/console/nx_dashboard.py.before_bedroom_corridor_20260929	common/legacy/snapshots/visualization/console/nx_dashboard.py.before_bedroom_corridor_20260929	315509e24da378d269a5ad8008b1edde607fc8c81fd6a4661b842bdbb388d12a
visualization/console/nx_dashboard.py.before_collision_wait_20260922	common/legacy/snapshots/visualization/console/nx_dashboard.py.before_collision_wait_20260922	9fccc1f116a18d44bfb8d1d25be686b7a3dc558270a95456a19416a47a70a5b2
visualization/console/nx_dashboard.py.before_follow_choice_20260928	common/legacy/snapshots/visualization/console/nx_dashboard.py.before_follow_choice_20260928	4685743f574bb7c1513c2af0b7de39d64345b16bb67462c785112b9b8fec2192
visualization/console/nx_dashboard.py.before_function_start	common/legacy/snapshots/visualization/console/nx_dashboard.py.before_function_start	7308086d51d3fcfa4ac92e2226542843278f92427069335b12a50df1a09840ba
visualization/console/nx_dashboard.py.before_memory_20260929	common/legacy/snapshots/visualization/console/nx_dashboard.py.before_memory_20260929	111addf6f2116effdfed4ba0cec33d29003abec7ae502629fca00d1f3f563982
visualization/console/nx_dashboard.py.before_nav_label_fix	common/legacy/snapshots/visualization/console/nx_dashboard.py.before_nav_label_fix	ff41c22d84ecfa8823586480b3f8471629743eb2765f0c4c5a2116321e6af7c5
visualization/console/nx_dashboard.py.before_nav_recovery_20260922	common/legacy/snapshots/visualization/console/nx_dashboard.py.before_nav_recovery_20260922	2443d68131e00dfd418a984cce434939931ba36ba548e2714f5166654a9c871d
visualization/console/nx_dashboard.py.before_nav_test_20260929	common/legacy/snapshots/visualization/console/nx_dashboard.py.before_nav_test_20260929	1c8aaebab5681e00a6033ebe4050601a56e1f27879786b9b3bcd9ed810b3f76e
visualization/console/nx_dashboard.py.before_no_via_20260929	common/legacy/snapshots/visualization/console/nx_dashboard.py.before_no_via_20260929	41cbf853cf405f8a4b6e8e0f467056bb61a42234a36448d31f04862a98385139
visualization/console/nx_dashboard.py.before_object_bring	common/legacy/snapshots/visualization/console/nx_dashboard.py.before_object_bring	4516b98b71de9a964d6a8edec89e29745c93dad879272f5a38e1fef85f8174a5
visualization/console/nx_dashboard.py.before_product	common/legacy/snapshots/visualization/console/nx_dashboard.py.before_product	3e62b9a7b393a37cd1b81d56a8404160aeaf1e12628a987f11d813ad1202c444
visualization/console/nx_dashboard.py.before_relocalization_20260911	common/legacy/snapshots/visualization/console/nx_dashboard.py.before_relocalization_20260911	161a1d2ac09fdf38c68a483b4033b67e031d0abcc440bf0959e3c019bda66aab
visualization/console/nx_dashboard.py.before_safe_escape_20260930	common/legacy/snapshots/visualization/console/nx_dashboard.py.before_safe_escape_20260930	3d227561fceee13f2b2a1832022855d75725395c5098b253c091bd28af9af0a0
visualization/console/nx_dashboard.py.before_scan_map_quality_20260923	common/legacy/snapshots/visualization/console/nx_dashboard.py.before_scan_map_quality_20260923	653bc5f1bae87ce31bae02b7530ffe9f947f88d5223be24cddf5b3c431d0c68f
visualization/console/nx_dashboard.py.before_sonar_move	common/legacy/snapshots/visualization/console/nx_dashboard.py.before_sonar_move	17b66f53fa6c37749b7e6196ad004da114acd58ef5099a882729845e3a71f8a3
visualization/console/nx_dashboard.py.before_static_restart_20261002	common/legacy/snapshots/visualization/console/nx_dashboard.py.before_static_restart_20261002	740d560ea69de85945895aff91dac0f9a93165778cf9d3fc234f17b7dd299419
visualization/console/nx_dashboard.py.before_stop_button	common/legacy/snapshots/visualization/console/nx_dashboard.py.before_stop_button	c5bcf456eb0a2dfcc6e6a6f2a3a515cc97fe9e35ba8709e808d1e9bfbd5926c5
visualization/console/nx_dashboard.py.before_user_page	common/legacy/snapshots/visualization/console/nx_dashboard.py.before_user_page	6b0a3e27036726569bf485bc5a109e4bf8915affe3a6cf7826c5450b704018d5
visualization/console/nx_dashboard.py.before_voice_help	common/legacy/snapshots/visualization/console/nx_dashboard.py.before_voice_help	6cb475063e381d99bc20b867d9dab3aaae416deb60aca3d9e6a5ab35a6dc0c1b
visualization/console/nx_dashboard.py.before_web_teleop	common/legacy/snapshots/visualization/console/nx_dashboard.py.before_web_teleop	689f9c24619d9246a20180246baa8e3c947b41be80b4d068c06b463e94da659d
visualization/console/nx_dashboard.py.follow_v1.bak	common/legacy/snapshots/visualization/console/nx_dashboard.py.follow_v1.bak	428c9b646a03e3481e827f3a3b48d20cea2c8b67d2eac55093df1abdfcd82872
visualization/console/nx_follow.py.before-follow-corridor-20260926	common/legacy/snapshots/visualization/console/nx_follow.py.before-follow-corridor-20260926	daa9e17cef544abb8b6042a519a7cb491c4a65598d9b75fcd75a4847d757e1c7
visualization/console/nx_follow.py.before-follow-recovery-20260927	common/legacy/snapshots/visualization/console/nx_follow.py.before-follow-recovery-20260927	5d28c9833a323dc21322dcdcff90dc7bd544003f0f3d07064d68da6581439f40
visualization/console/nx_follow.py.before_follow_choice_20260928	common/legacy/snapshots/visualization/console/nx_follow.py.before_follow_choice_20260928	b0596ad5b5a5f5f421f4efc027baeff1176327a12c895f1ad037a04f9a329f48
visualization/console/nx_follow.py.before_hybrid_20260930	common/legacy/snapshots/visualization/console/nx_follow.py.before_hybrid_20260930	dffac48896cf9dcc1158009a0593297cd3e41c59838bb315d42f76997986a31d
visualization/console/nx_follow.py.before_map_follow_20260928	common/legacy/snapshots/visualization/console/nx_follow.py.before_map_follow_20260928	b0a8b4e01371bddaa0db3e24229e17bd71842a43b93ba2b68c89d5db2f6258b1
visualization/console/nx_follow.py.before_obstacle_arm_20260928	common/legacy/snapshots/visualization/console/nx_follow.py.before_obstacle_arm_20260928	4dcb9b0fef362f8251cd406aea0431459baa5c90fb1865d8788daadc39155c8c
visualization/console/nx_follow.py.pre_navmode_20260928	common/legacy/snapshots/visualization/console/nx_follow.py.pre_navmode_20260928	3f999347bb0e5cd3c51774f336cf0e50101291d8c5f1b7281ad0ec5d3274b792
visualization/console/nx_follow.py.pre_nomotion_20260928	common/legacy/snapshots/visualization/console/nx_follow.py.pre_nomotion_20260928	eeed835ffa49eb5fa10a8ca7950312fc9ba8716d8db6e8e722a842ee009dcc27
visualization/console/nx_follow.py.pre_range_gate_20260928	common/legacy/snapshots/visualization/console/nx_follow.py.pre_range_gate_20260928	33a4efb223780f1d27183dc3a83dc6cd02ff240d643fa27043f69db9a5cbf5fb
visualization/console/nx_follow.py.pre_waitrange_20260928	common/legacy/snapshots/visualization/console/nx_follow.py.pre_waitrange_20260928	b00cb4182529b39805ecda74d848b0d9b838ed715df17730422909a3c10741e4
visualization/console/nx_follow_acquire.py.before_obstacle_arm_20260928	common/legacy/snapshots/visualization/console/nx_follow_acquire.py.before_obstacle_arm_20260928	934eb6998836dbd38bc528d0be997184aecba526dfba4f062cbdda9c85f1fbd6
visualization/console/nx_follow_acquire.py.pre_framewindow_20260928	common/legacy/snapshots/visualization/console/nx_follow_acquire.py.pre_framewindow_20260928	52e47e228288f50340c241318a3e078b0c9490fdfdc86dc0e172e58256526cc8
visualization/console/nx_follow_detour.py.before_audited_path_20260930	common/legacy/snapshots/visualization/console/nx_follow_detour.py.before_audited_path_20260930	1f3f92cd8e697c2f1b0e0ac5f38d7ea1e4fdbfebcb2d8476b3da8e1ae66075ea
visualization/console/nx_follow_detour.py.before_default_lattice_20260930	common/legacy/snapshots/visualization/console/nx_follow_detour.py.before_default_lattice_20260930	b4e8329c3325061d069b76f05d973712b233cf9c818e75ea71c53cb633c5a8f2
visualization/console/nx_follow_detour.py.before_explicit_planner_20260929	common/legacy/snapshots/visualization/console/nx_follow_detour.py.before_explicit_planner_20260929	261142af27571e1047d102c24cbc62f11d559f3e37de7ff0315707b2d866c941
visualization/console/nx_follow_detour.py.before_wait_clear_20260930	common/legacy/snapshots/visualization/console/nx_follow_detour.py.before_wait_clear_20260930	6579cf591b107cfc2ac544c7aff3fa51eaa8156362d91255b20ed1b3d74e7d4b
visualization/console/nx_follow_detour.py.pre_navmode_20260928	common/legacy/snapshots/visualization/console/nx_follow_detour.py.pre_navmode_20260928	9ea0314a3e81caf3b9fb79a2ac4e830a52cd49ed59044f817bf09e5657cee73a
visualization/console/nx_follow_detour.py.pre_pathlimit_20260928	common/legacy/snapshots/visualization/console/nx_follow_detour.py.pre_pathlimit_20260928	0506bbab11c9e7aafee9271b9d40a24998d2ec4f7e5c158e11bfa90a760ca67c
visualization/console/nx_follow_detour.py.pre_wait_20260928	common/legacy/snapshots/visualization/console/nx_follow_detour.py.pre_wait_20260928	b6389dbbe6cf84eeb00bfa8d154e80722de21e6368400b69791372d62cc6678c
visualization/console/nx_follow_map.py.pre_lower_20260928	common/legacy/snapshots/visualization/console/nx_follow_map.py.pre_lower_20260928	905246837f802a1fdb7c758f73b87fcf15b1c7daf0afd6cca71ed6950b8decaa
visualization/console/nx_follow_map.py.pre_navmode_20260928	common/legacy/snapshots/visualization/console/nx_follow_map.py.pre_navmode_20260928	3f7648727221270df6c857fbcce33023470dcfea33631b2c5bf9dfbf596fe155
visualization/console/nx_follow_ui.js.before_follow_choice_20260928	common/legacy/snapshots/visualization/console/nx_follow_ui.js.before_follow_choice_20260928	3bd41afba7121fb539a3291afbb62d51e67ef38949c5e9c1429cdb34c3331b7a
visualization/console/nx_follow_ui.js.before_hybrid_20260930	common/legacy/snapshots/visualization/console/nx_follow_ui.js.before_hybrid_20260930	a22b2c0c1ec2df93b93a35ea5cb1c925c65afc5f849614685a31928bcd9dc8a9
visualization/console/nx_follow_ui.js.pre_navmode_20260928	common/legacy/snapshots/visualization/console/nx_follow_ui.js.pre_navmode_20260928	292671ab99d7b23286d5abb3391b11a178afb1f53464184a9791cdafdb59fea7
visualization/console/nx_localization_ui.html.before_20260927_feedback	common/legacy/snapshots/visualization/console/nx_localization_ui.html.before_20260927_feedback	cff8746d94715b37ee8d597c8666884fee656768c93a81b40b81151ed7820fbc
visualization/console/nx_localization_ui.js.before_20260927_feedback	common/legacy/snapshots/visualization/console/nx_localization_ui.js.before_20260927_feedback	fd9cd5f445b1644567cf79243e8c4a40694ac81faef44e61e52e8ab9df9930ca
visualization/console/nx_localization_ui.js.before_scan_map_quality_20260923	common/legacy/snapshots/visualization/console/nx_localization_ui.js.before_scan_map_quality_20260923	f5595fc0a88330a1d57a263f0c41c20ec75fc33e542e03788ae49e88321b3c1b
visualization/console/nx_manual_base.py.before_follow_choice_20260928	common/legacy/snapshots/visualization/console/nx_manual_base.py.before_follow_choice_20260928	40816021a5a9210d3651246bfdb7a8eb24ec3b728ba992697189dfa5d1d89af3
visualization/console/nx_manual_base.py.before_s100_speed_cap	common/legacy/snapshots/visualization/console/nx_manual_base.py.before_s100_speed_cap	e1bebd30ce63f5a4a5cf6726b16dce78a7b9671bcf1afa137bd3798bc82c0c62
visualization/console/nx_manual_base.py.before_speed08	common/legacy/snapshots/visualization/console/nx_manual_base.py.before_speed08	604c9543f89756377e4961430ce6c79ce888ebef01eea5dc5615c712e8f6eadf
visualization/console/nx_manual_base.py.before_web_teleop	common/legacy/snapshots/visualization/console/nx_manual_base.py.before_web_teleop	00112133a25e457a4e309552fc898dc0c806d43feb3cff20fd6565ded0699970
visualization/console/nx_manual_base.py.follow_v1.bak	common/legacy/snapshots/visualization/console/nx_manual_base.py.follow_v1.bak	d8f81f495b192e5498d0c7bf68a04d9c78c3b53b40fedbc0337cde65eaad63f1
visualization/console/nx_patrol_mission.py.before_nav_recovery_20260922	common/legacy/snapshots/visualization/console/nx_patrol_mission.py.before_nav_recovery_20260922	8f7bf946b899b3e74e4c3a24fb9a9a050e29cce840e59eedf9a1c4613eee72af
visualization/console/nx_patrol_mission.py.before_nav_test_20260929	common/legacy/snapshots/visualization/console/nx_patrol_mission.py.before_nav_test_20260929	fa5a938eb5d1c024f695595cc0ffa76d388986b8489740245893f1388ff4fbe3
visualization/console/nx_patrol_ui.html.before_nav_test_20260929	common/legacy/snapshots/visualization/console/nx_patrol_ui.html.before_nav_test_20260929	68208b19c496201658d299cb3e966ff2f10a8d5657dc1b3ac3aca8b52a10816e
visualization/console/nx_people_ui.html.before-card-stability-20260926	common/legacy/snapshots/visualization/console/nx_people_ui.html.before-card-stability-20260926	542a4bb13a3ca563e43b42ce65f48a79b67d86d6b498e480f271d5dc4952eb9b
visualization/console/nx_people_ui.html.before_follow_choice_20260928	common/legacy/snapshots/visualization/console/nx_people_ui.html.before_follow_choice_20260928	39cda4532ac5f85d9b52f24a471d38f08f2402de2e87955a9109b5e6f6dbab35
visualization/console/nx_people_ui.html.follow_v1.bak	common/legacy/snapshots/visualization/console/nx_people_ui.html.follow_v1.bak	0a20e960a3d3a54b95b29b75e74e9f59c1017470e47751b922bdfc55bc7c0a64
visualization/console/nx_people_ui.html.pre_height_20260928	common/legacy/snapshots/visualization/console/nx_people_ui.html.pre_height_20260928	7ddf046ddd3c2c2f083923ff8cf3d0d6c76f2982b53ee8b0cc0f567d0b59d89b
visualization/console/nx_people_ui.js.before-card-stability-20260926	common/legacy/snapshots/visualization/console/nx_people_ui.js.before-card-stability-20260926	9fcd19c54cd8fa87534254028971163269b564e23cf2e3d5bf73d1f5fe6970f0
visualization/console/nx_people_ui.js.before-face-reacquire-20260924	common/legacy/snapshots/visualization/console/nx_people_ui.js.before-face-reacquire-20260924	12633c9b9ca2417814abd53ac2980801685723aacfe3279a5a066dc34833873c
visualization/console/nx_people_ui.js.before-view-freshness-20260926	common/legacy/snapshots/visualization/console/nx_people_ui.js.before-view-freshness-20260926	0e3952616132de24d19637c23d089a9688582de0b934c28c8675c8ac6b2929d1
visualization/console/nx_people_ui.js.before_follow_choice_20260928	common/legacy/snapshots/visualization/console/nx_people_ui.js.before_follow_choice_20260928	eba58fb94601500236f1ed3ecbe06299273ebb350a878217dcbad5924ce5389c
visualization/console/nx_people_ui.js.pre_flicker_20260928	common/legacy/snapshots/visualization/console/nx_people_ui.js.pre_flicker_20260928	82d9280734754030b2d4868e862b5ed971cf7c307a0179c6fd724a589bdf5979
visualization/console/nx_people_ui.js.pre_pose_20260928	common/legacy/snapshots/visualization/console/nx_people_ui.js.pre_pose_20260928	040cb321960b54c63bf4892a69cb0e8958fcf8267f339d38334de5dab6de138c
visualization/console/nx_product.html.before-localization	common/legacy/snapshots/visualization/console/nx_product.html.before-localization	0981cac0424b45c4616bf0a6e1d9378e0f5c94cea213c2709f4ca30859e0471f
visualization/console/nx_product.html.before-sonar	common/legacy/snapshots/visualization/console/nx_product.html.before-sonar	ef8f96d4d3702b490f8a926739602d8084fba2bbb310f3cd93199037b6930f30
visualization/console/nx_product_api.py.before-localization	common/legacy/snapshots/visualization/console/nx_product_api.py.before-localization	81086bcf8f7e0a059373a40b4c77589b5250e74867da7f18728acaf33c3e6e39
visualization/console/nx_product_api.py.before-sonar	common/legacy/snapshots/visualization/console/nx_product_api.py.before-sonar	367209f57c204e2ab4da0d0006e65b205819add0b4f7bbf38341e604313705d1
visualization/console/nx_product_api.py.before-sonar-policy	common/legacy/snapshots/visualization/console/nx_product_api.py.before-sonar-policy	f75b5507477b275950ad6d9f24d512c127c088c065b34e103d90642c1f319347
visualization/console/nx_product_api.py.before_scan_map_quality_20260923	common/legacy/snapshots/visualization/console/nx_product_api.py.before_scan_map_quality_20260923	23e9cb888d2372b8e47cb7bdc982dcf4c2b233ef77027fbca71db4105f429274
visualization/console/nx_relocalization.py.before_20260927_feedback	common/legacy/snapshots/visualization/console/nx_relocalization.py.before_20260927_feedback	b0d9a197ef726564369f4933b84308c75bd25474dc739d96eda33fce5ae4f593
visualization/console/nx_relocalization.py.before_empty_fix	common/legacy/snapshots/visualization/console/nx_relocalization.py.before_empty_fix	a58c3b4557da0d8d78fc3e1f74e0b0c0e85abbd431ac1c44f2b8f1c955b45a5f
visualization/console/nx_relocalization.py.before_heading_fix_20261002	common/legacy/snapshots/visualization/console/nx_relocalization.py.before_heading_fix_20261002	23ae500139e385f3f2ea8420a09ef0499d31ac7bd1d55682572e7bc6d445b6ac
visualization/console/nx_relocalization.py.before_scan_map_quality_20260923	common/legacy/snapshots/visualization/console/nx_relocalization.py.before_scan_map_quality_20260923	73d1ccce9c66c43c2c06871bb1a934a784a1a836f269d2a81cae2c57c46bd407
visualization/console/nx_relocalization.py.before_static_status	common/legacy/snapshots/visualization/console/nx_relocalization.py.before_static_status	091b8012732496ede36d4c9170345717e5d17d6ca5ef9f33e073fabbae218109
visualization/console/nx_runtime_health.py.before_memory_20260929	common/legacy/snapshots/visualization/console/nx_runtime_health.py.before_memory_20260929	e70eee10edfa65279ceba2e4cd454093a2d66489a15905fab51f38b25bcd0c10
visualization/console/nx_scan_map_match.py.before_heading_fix_20261002	common/legacy/snapshots/visualization/console/nx_scan_map_match.py.before_heading_fix_20261002	6df8bc2602a250b7ee2a9856956c4dbbe019c9f05de055225b1ba514d62921ec
visualization/console/nx_sonar_monitor.py.before-pulse-diagnostic	common/legacy/snapshots/visualization/console/nx_sonar_monitor.py.before-pulse-diagnostic	19c7bc26f7a386570b7fd451923184d48d58b932348e68b877ea48df7c563152
visualization/console/nx_sonar_stop.py.before-side10	common/legacy/snapshots/visualization/console/nx_sonar_stop.py.before-side10	c51a81a86f9a5c00f5c0c86273d0aa617e10ff5f3eadf10ec10456ec10d8bc6e
visualization/console/nx_sonar_ui.html.before-policy	common/legacy/snapshots/visualization/console/nx_sonar_ui.html.before-policy	e28c451527a2f3efd3e5cc7f08b1128ee5ff2827dc7df3af03d03cd17bdb0d79
visualization/console/nx_sonar_ui.html.before-side10	common/legacy/snapshots/visualization/console/nx_sonar_ui.html.before-side10	f4730174af0112547555cff789573a160325189835dfae35e293f428e881ebc0
visualization/console/nx_voice_commands.py.before-catalog	common/legacy/snapshots/visualization/console/nx_voice_commands.py.before-catalog	841df87f158d1b33bb2168fd2d9bf3141d3d3c9c3a8ebc6c6a8870002114095f
visualization/console/nx_voice_commands.py.before_object_notices	common/legacy/snapshots/visualization/console/nx_voice_commands.py.before_object_notices	85ded80ca03230e6b61a9d6d824931dc43eb981879df783b24bc3828583c796a
visualization/console/nx_voice_commands.py.before_silero	common/legacy/snapshots/visualization/console/nx_voice_commands.py.before_silero	8f55540079b1d2f1052a23580c058d518b4bc21c98a4ca2d2e9229503ecb6701
visualization/console/nx_voice_commands.py.before_voice_follow_20260928	common/legacy/snapshots/visualization/console/nx_voice_commands.py.before_voice_follow_20260928	44cc5d74e061c824bfa8fe1c7f06f5da6095eac9c7b8aa207fec2c3ede48bd02
visualization/console/nx_voice_commands.py.follow_v1.bak	common/legacy/snapshots/visualization/console/nx_voice_commands.py.follow_v1.bak	2a6e10d3063d341bee290503733078036a34028dc00a4d90834b3909d2d07b2c
visualization/console/nx_voice_gateway.py.before-catalog	common/legacy/snapshots/visualization/console/nx_voice_gateway.py.before-catalog	9040db91f540eb80c883b8ffce1042a82e724928cc18a1d6d10c75fcc99feab7
visualization/console/nx_voice_gateway.py.before_busy_fix_20260929	common/legacy/snapshots/visualization/console/nx_voice_gateway.py.before_busy_fix_20260929	d265378d1c1200d3a08b9bda93ce4b2667b23b5e9bf66af89d0200cefdfdb54f
visualization/console/nx_voice_gateway.py.before_full_speech_20260922	common/legacy/snapshots/visualization/console/nx_voice_gateway.py.before_full_speech_20260922	e48bd93465a84c15af0465ce23881f0f99aa897a8d686e1471ab1002ed488ec9
visualization/console/nx_voice_gateway.py.before_object_notices	common/legacy/snapshots/visualization/console/nx_voice_gateway.py.before_object_notices	e7d4c1b220035ddb604bea1fc3c67d0270eefa0983ade5725137fa8e883eeb03
visualization/console/nx_voice_gateway.py.before_silero	common/legacy/snapshots/visualization/console/nx_voice_gateway.py.before_silero	2175b776b4360a4285dd6197c577417a10f8e247b87824270dd8ef887dd74027
visualization/console/nx_voice_gateway.py.before_tts_pipeline_20260911	common/legacy/snapshots/visualization/console/nx_voice_gateway.py.before_tts_pipeline_20260911	600caecca77f056507d9c145124b5283da67e5b386630c3d25233b02c9ff0af7
visualization/console/nx_voice_gateway.py.before_voice_follow_20260928	common/legacy/snapshots/visualization/console/nx_voice_gateway.py.before_voice_follow_20260928	85b9c89d78d74996042314c3066a40673d06ad1513c0d72b1a2fe67a6ee94129
visualization/console/nx_voice_gateway.py.follow_v1.bak	common/legacy/snapshots/visualization/console/nx_voice_gateway.py.follow_v1.bak	a4069d487e1647059c08573265e88419b70e75f04cb56fc71c7ed14938e08e09
visualization/console/nx_voiceprint.py.before_voice_follow_20260928	common/legacy/snapshots/visualization/console/nx_voiceprint.py.before_voice_follow_20260928	2cb4d472986e40a25381261ded8df4dd47aa0c573536a4c1681bf243dab144a5
visualization/console/object_pose_context.py.before_scan_map_quality_20260923	common/legacy/snapshots/visualization/console/object_pose_context.py.before_scan_map_quality_20260923	9dc97197bf469961fce2d491ef744ef6bb6b98a79160bbbf6bdba62be79e719e
visualization/console/person_range_gate.py.before_follow_choice_20260928	common/legacy/snapshots/visualization/console/person_range_gate.py.before_follow_choice_20260928	2b88578ec8a575d550989b713d148e2aadbb92072d62380d059b80fa1f5b33d7
visualization/console/person_range_gate.py.pre_navmode_20260928	common/legacy/snapshots/visualization/console/person_range_gate.py.pre_navmode_20260928	74a7e8e38d0e13cde41beb14d5acb4245b21980732efa1cdc39fa0bcbca2606d
visualization/console/s100_boot_pose.py.before_heading_fix_20261002	common/legacy/snapshots/visualization/console/s100_boot_pose.py.before_heading_fix_20261002	edcf5d3230599f8084bf71c75f6e55deca455934cf5f691b5ec79b517b8d9830
visualization/console/s100_boot_pose.py.before_zero_median_20260929	common/legacy/snapshots/visualization/console/s100_boot_pose.py.before_zero_median_20260929	8ae9f21f2796ffc9be9ec8acb1e87e16d9e6beeb579f3ff8bcb6a54e00564e7b
visualization/console/s100_function_start.py.before_static_restart_20261002	common/legacy/snapshots/visualization/console/s100_function_start.py.before_static_restart_20261002	8d7276eff60a24133f82d50705f1811e8175701e7129055c3e45819d7b8773ea
visualization/console/test_nx_follow_detour.py.before_default_lattice_20260930	common/legacy/snapshots/visualization/console/test_nx_follow_detour.py.before_default_lattice_20260930	e2e84e2ff102749f795802a3fbff7359898887a1c48f8ab4169b1a9c756e6163
visualization/console/web_teleop_safety.py.before_follow_choice_20260928	common/legacy/snapshots/visualization/console/web_teleop_safety.py.before_follow_choice_20260928	83669eaf8a4be61e2ab87ab2accebc8d2c6a40aba68713ed172d958602debcc2
common/legacy/chair.png	evaluator/fixtures/legacy_images/chair.png	91185fcef7252b8c6b26e81b8bf67ce7d626ea87cd377a8951dcae36c0a28fb9
common/legacy/fixture.png	evaluator/fixtures/legacy_images/fixture.png	b6d456cdcfb9f3062713ae9b05a0761adc23a6ae9e061e5358547fdc593cb6d4
common/legacy/fridge.png	evaluator/fixtures/legacy_images/fridge.png	6c1498a002290620dc0ee3c4cd19a628f632d46f4e7d750736c85943f10ca60a
common/legacy/scissors.png	evaluator/fixtures/legacy_images/scissors.png	a7fbbc96171ccd3c078a2e7162c7a051fde86004f914c12e911703cb47bc70a1
common/legacy/search_smoke.png	evaluator/fixtures/legacy_images/search_smoke.png	b19f4de7fbe7c2f7a2c5ce611132c154a5c37df5398a76a3d50d439d09165e18
common/legacy/search_smoke_png.png	evaluator/fixtures/legacy_images/search_smoke_png.png	c631d55cebb2685ed2dd1274812582679f16fa11a3e71b3848f07c3a03c11fb9
common/legacy/yolo11_result.jpg	evaluator/fixtures/legacy_images/yolo11_result.jpg	7a4555c3c884e5e13d8193cee03244839f467fa5463a6b75bc54f1278f57f031
common/legacy/chat_smoke.json	evaluator/artifacts/legacy_results/chat_smoke.json	5e1187d8f34aa88739e5de8f65854f928bd8df57545734af3f9d92116c88dceb
common/legacy/search_smoke.json	evaluator/artifacts/legacy_results/search_smoke.json	403bbab1c61fdd1f71039f9484d764cfafbc9a50d3bab3a629e34722ff58c83b
common/legacy/search_smoke_png.json	evaluator/artifacts/legacy_results/search_smoke_png.json	2beae4b3346479f4f24ffcdee5d772cc20d4b59a0bb8a151fe82d4496bf22bed
